Playlist,Position,Artist,Track,Search Query
Warped Tour DC 2026 - Top 3 Main Lineup,1,3OH!3,Richman,3OH!3 Richman
Warped Tour DC 2026 - Top 3 Main Lineup,2,3OH!3,DONTTRUSTME,3OH!3 DONTTRUSTME
Warped Tour DC 2026 - Top 3 Main Lineup,3,3OH!3,Starstrukk (feat. Katy Perry),3OH!3 Starstrukk (feat. Katy Perry)
Warped Tour DC 2026 - Top 3 Main Lineup,4,All That Remains,This Calling,All That Remains This Calling
Warped Tour DC 2026 - Top 3 Main Lineup,5,All That Remains,Two Weeks,All That Remains Two Weeks
Warped Tour DC 2026 - Top 3 Main Lineup,6,All That Remains,Six,All That Remains Six
Warped Tour DC 2026 - Top 3 Main Lineup,7,American Hi-Fi,Flavor of the Weak,American Hi-Fi Flavor of the Weak
Warped Tour DC 2026 - Top 3 Main Lineup,8,American Hi-Fi,Another Perfect Day,American Hi-Fi Another Perfect Day
Warped Tour DC 2026 - Top 3 Main Lineup,9,American Hi-Fi,The Art of Losing,American Hi-Fi The Art of Losing
Warped Tour DC 2026 - Top 3 Main Lineup,10,Anberlin,The Feel Good Drag,Anberlin The Feel Good Drag
Warped Tour DC 2026 - Top 3 Main Lineup,11,Anberlin,Paperthin Hymn,Anberlin Paperthin Hymn
Warped Tour DC 2026 - Top 3 Main Lineup,12,Anberlin,Godspeed,Anberlin Godspeed
Warped Tour DC 2026 - Top 3 Main Lineup,13,Arm's Length,Object Permanence,Arm's Length Object Permanence
Warped Tour DC 2026 - Top 3 Main Lineup,14,Arm's Length,In Loving Memory,Arm's Length In Loving Memory
Warped Tour DC 2026 - Top 3 Main Lineup,15,Arm's Length,Tough Love,Arm's Length Tough Love
Warped Tour DC 2026 - Top 3 Main Lineup,16,Bad Cop Bad Cop,Womanarchist,Bad Cop Bad Cop Womanarchist
Warped Tour DC 2026 - Top 3 Main Lineup,17,Bad Cop Bad Cop,Pursuit of Liberty,Bad Cop Bad Cop Pursuit of Liberty
Warped Tour DC 2026 - Top 3 Main Lineup,18,Bad Cop Bad Cop,Cheers,Bad Cop Bad Cop Cheers
Warped Tour DC 2026 - Top 3 Main Lineup,19,Bayside,Devotion and Desire,Bayside Devotion and Desire
Warped Tour DC 2026 - Top 3 Main Lineup,20,Bayside,Blame It on Bad Luck,Bayside Blame It on Bad Luck
Warped Tour DC 2026 - Top 3 Main Lineup,21,Bayside,Montauk,Bayside Montauk
Warped Tour DC 2026 - Top 3 Main Lineup,22,BEAUTY SCHOOL DROPOUT,beautiful waste,BEAUTY SCHOOL DROPOUT beautiful waste
Warped Tour DC 2026 - Top 3 Main Lineup,23,BEAUTY SCHOOL DROPOUT,Fever,BEAUTY SCHOOL DROPOUT Fever
Warped Tour DC 2026 - Top 3 Main Lineup,24,BEAUTY SCHOOL DROPOUT,WE MADE PLANS & GOD LAUGHED,BEAUTY SCHOOL DROPOUT WE MADE PLANS & GOD LAUGHED
Warped Tour DC 2026 - Top 3 Main Lineup,25,BIG ASS TRUCK I.E.,BIG ASS TRUCK,BIG ASS TRUCK I.E. BIG ASS TRUCK
Warped Tour DC 2026 - Top 3 Main Lineup,26,BIG ASS TRUCK I.E.,BIG ASS BEER,BIG ASS TRUCK I.E. BIG ASS BEER
Warped Tour DC 2026 - Top 3 Main Lineup,27,BIG ASS TRUCK I.E.,THE FUCKIN' PROMO,BIG ASS TRUCK I.E. THE FUCKIN' PROMO
Warped Tour DC 2026 - Top 3 Main Lineup,28,Boston Manor,Halo,Boston Manor Halo
Warped Tour DC 2026 - Top 3 Main Lineup,29,Boston Manor,Foxglove,Boston Manor Foxglove
Warped Tour DC 2026 - Top 3 Main Lineup,30,Boston Manor,Laika,Boston Manor Laika
Warped Tour DC 2026 - Top 3 Main Lineup,31,Breathe Carolina,Blackout,Breathe Carolina Blackout
Warped Tour DC 2026 - Top 3 Main Lineup,32,Breathe Carolina,Sweet Dreams,Breathe Carolina Sweet Dreams
Warped Tour DC 2026 - Top 3 Main Lineup,33,Breathe Carolina,Sellouts,Breathe Carolina Sellouts
Warped Tour DC 2026 - Top 3 Main Lineup,34,Bryce Vine,Drew Barrymore,Bryce Vine Drew Barrymore
Warped Tour DC 2026 - Top 3 Main Lineup,35,Bryce Vine,La La Land,Bryce Vine La La Land
Warped Tour DC 2026 - Top 3 Main Lineup,36,Bryce Vine,Sour Patch Kids,Bryce Vine Sour Patch Kids
Warped Tour DC 2026 - Top 3 Main Lineup,37,Carolesdaughter,Violent,Carolesdaughter Violent
Warped Tour DC 2026 - Top 3 Main Lineup,38,Carolesdaughter,Trailer Trash,Carolesdaughter Trailer Trash
Warped Tour DC 2026 - Top 3 Main Lineup,39,Carolesdaughter,Target Practice,Carolesdaughter Target Practice
Warped Tour DC 2026 - Top 3 Main Lineup,40,Caskets,Glass Heart,Caskets Glass Heart
Warped Tour DC 2026 - Top 3 Main Lineup,41,Caskets,Lost in Echoes,Caskets Lost in Echoes
Warped Tour DC 2026 - Top 3 Main Lineup,42,Caskets,Guiding Light,Caskets Guiding Light
Warped Tour DC 2026 - Top 3 Main Lineup,43,Citizen,The Night I Drove Alone,Citizen The Night I Drove Alone
Warped Tour DC 2026 - Top 3 Main Lineup,44,Citizen,Sleep,Citizen Sleep
Warped Tour DC 2026 - Top 3 Main Lineup,45,Citizen,Blue Sunday,Citizen Blue Sunday
Warped Tour DC 2026 - Top 3 Main Lineup,46,CLIQUE,Worth,CLIQUE Worth
Warped Tour DC 2026 - Top 3 Main Lineup,47,CLIQUE,Separate,CLIQUE Separate
Warped Tour DC 2026 - Top 3 Main Lineup,48,CLIQUE,Crater,CLIQUE Crater
Warped Tour DC 2026 - Top 3 Main Lineup,49,Codefendants,Def Cons,Codefendants Def Cons
Warped Tour DC 2026 - Top 3 Main Lineup,50,Codefendants,Fast Ones,Codefendants Fast Ones
Warped Tour DC 2026 - Top 3 Main Lineup,51,Codefendants,Abscessed,Codefendants Abscessed
Warped Tour DC 2026 - Top 3 Main Lineup,52,Coheed and Cambria,Welcome Home,Coheed and Cambria Welcome Home
Warped Tour DC 2026 - Top 3 Main Lineup,53,Coheed and Cambria,A Favor House Atlantic,Coheed and Cambria A Favor House Atlantic
Warped Tour DC 2026 - Top 3 Main Lineup,54,Coheed and Cambria,The Suffering,Coheed and Cambria The Suffering
Warped Tour DC 2026 - Top 3 Main Lineup,55,Crown The Empire,Machines,Crown The Empire Machines
Warped Tour DC 2026 - Top 3 Main Lineup,56,Crown The Empire,Johnny's Revenge,Crown The Empire Johnny's Revenge
Warped Tour DC 2026 - Top 3 Main Lineup,57,Crown The Empire,Memories of a Broken Heart,Crown The Empire Memories of a Broken Heart
Warped Tour DC 2026 - Top 3 Main Lineup,58,Daisy Grenade,Hypocrite,Daisy Grenade Hypocrite
Warped Tour DC 2026 - Top 3 Main Lineup,59,Daisy Grenade,Are You Scared of Me Yet?,Daisy Grenade Are You Scared of Me Yet?
Warped Tour DC 2026 - Top 3 Main Lineup,60,Daisy Grenade,Got It Bad,Daisy Grenade Got It Bad
Warped Tour DC 2026 - Top 3 Main Lineup,61,Dance Gavin Dance,We Own the Night,Dance Gavin Dance We Own the Night
Warped Tour DC 2026 - Top 3 Main Lineup,62,Dance Gavin Dance,Inspire the Liars,Dance Gavin Dance Inspire the Liars
Warped Tour DC 2026 - Top 3 Main Lineup,63,Dance Gavin Dance,Uneasy Hearts Weigh the Most,Dance Gavin Dance Uneasy Hearts Weigh the Most
Warped Tour DC 2026 - Top 3 Main Lineup,64,DeathbyRomy,I Kill Everything,DeathbyRomy I Kill Everything
Warped Tour DC 2026 - Top 3 Main Lineup,65,DeathbyRomy,Day I Die,DeathbyRomy Day I Die
Warped Tour DC 2026 - Top 3 Main Lineup,66,DeathbyRomy,Problems,DeathbyRomy Problems
Warped Tour DC 2026 - Top 3 Main Lineup,67,"Drop Dead, Gorgeous",Dressed for Friend Requests,"Drop Dead, Gorgeous Dressed for Friend Requests"
Warped Tour DC 2026 - Top 3 Main Lineup,68,"Drop Dead, Gorgeous","Two Birds, One Stone","Drop Dead, Gorgeous Two Birds, One Stone"
Warped Tour DC 2026 - Top 3 Main Lineup,69,"Drop Dead, Gorgeous",They'll Never Get Me (Word With You),"Drop Dead, Gorgeous They'll Never Get Me (Word With You)"
Warped Tour DC 2026 - Top 3 Main Lineup,70,Drug Church,Weed Pin,Drug Church Weed Pin
Warped Tour DC 2026 - Top 3 Main Lineup,71,Drug Church,Myopic,Drug Church Myopic
Warped Tour DC 2026 - Top 3 Main Lineup,72,Drug Church,Bliss Out,Drug Church Bliss Out
Warped Tour DC 2026 - Top 3 Main Lineup,73,Elijah,hard feelings,Elijah hard feelings
Warped Tour DC 2026 - Top 3 Main Lineup,74,Elijah,"24/7, 365","Elijah 24/7, 365"
Warped Tour DC 2026 - Top 3 Main Lineup,75,Elijah,lemonade,Elijah lemonade
Warped Tour DC 2026 - Top 3 Main Lineup,76,EverChanger,Currency,EverChanger Currency
Warped Tour DC 2026 - Top 3 Main Lineup,77,EverChanger,Time Will Tell,EverChanger Time Will Tell
Warped Tour DC 2026 - Top 3 Main Lineup,78,EverChanger,Lost in Cycles,EverChanger Lost in Cycles
Warped Tour DC 2026 - Top 3 Main Lineup,79,Fame on Fire,Welcome To The Chaos,Fame on Fire Welcome To The Chaos
Warped Tour DC 2026 - Top 3 Main Lineup,80,Fame on Fire,Nightmare (The Devil),Fame on Fire Nightmare (The Devil)
Warped Tour DC 2026 - Top 3 Main Lineup,81,Fame on Fire,Plastic Heart,Fame on Fire Plastic Heart
Warped Tour DC 2026 - Top 3 Main Lineup,82,Fluorescents,Movie Script,Fluorescents Movie Script
Warped Tour DC 2026 - Top 3 Main Lineup,83,Fluorescents,Back for More,Fluorescents Back for More
Warped Tour DC 2026 - Top 3 Main Lineup,84,Fluorescents,Honestly,Fluorescents Honestly
Warped Tour DC 2026 - Top 3 Main Lineup,85,Fox Lake,Dog Eat Dog,Fox Lake Dog Eat Dog
Warped Tour DC 2026 - Top 3 Main Lineup,86,Fox Lake,Cold Hard Truth,Fox Lake Cold Hard Truth
Warped Tour DC 2026 - Top 3 Main Lineup,87,Fox Lake,Gaslight,Fox Lake Gaslight
Warped Tour DC 2026 - Top 3 Main Lineup,88,Free Throw,Two Beers In,Free Throw Two Beers In
Warped Tour DC 2026 - Top 3 Main Lineup,89,Free Throw,"Randy, I Am the Liquor","Free Throw Randy, I Am the Liquor"
Warped Tour DC 2026 - Top 3 Main Lineup,90,Free Throw,Pallet Town,Free Throw Pallet Town
Warped Tour DC 2026 - Top 3 Main Lineup,91,From First to Last,Note to Self,From First to Last Note to Self
Warped Tour DC 2026 - Top 3 Main Lineup,92,From First to Last,Emily,From First to Last Emily
Warped Tour DC 2026 - Top 3 Main Lineup,93,From First to Last,Ride the Wings of Pestilence,From First to Last Ride the Wings of Pestilence
Warped Tour DC 2026 - Top 3 Main Lineup,94,Girlfriends,California,Girlfriends California
Warped Tour DC 2026 - Top 3 Main Lineup,95,Girlfriends,High Again,Girlfriends High Again
Warped Tour DC 2026 - Top 3 Main Lineup,96,Girlfriends,Tattoo,Girlfriends Tattoo
Warped Tour DC 2026 - Top 3 Main Lineup,97,Glassjaw,Ape Dos Mil,Glassjaw Ape Dos Mil
Warped Tour DC 2026 - Top 3 Main Lineup,98,Glassjaw,Tip Your Bartender,Glassjaw Tip Your Bartender
Warped Tour DC 2026 - Top 3 Main Lineup,99,Glassjaw,Siberian Kiss,Glassjaw Siberian Kiss
Warped Tour DC 2026 - Top 3 Main Lineup,100,Grandson,Blood // Water,Grandson Blood // Water
Warped Tour DC 2026 - Top 3 Main Lineup,101,Grandson,Dirty,Grandson Dirty
Warped Tour DC 2026 - Top 3 Main Lineup,102,Grandson,Despicable,Grandson Despicable
Warped Tour DC 2026 - Top 3 Main Lineup,103,GWAR,Sick of You,GWAR Sick of You
Warped Tour DC 2026 - Top 3 Main Lineup,104,GWAR,Immortal Corrupter,GWAR Immortal Corrupter
Warped Tour DC 2026 - Top 3 Main Lineup,105,GWAR,Bring Back the Bomb,GWAR Bring Back the Bomb
Warped Tour DC 2026 - Top 3 Main Lineup,106,Gym Class Heroes,Stereo Hearts (feat. Adam Levine),Gym Class Heroes Stereo Hearts (feat. Adam Levine)
Warped Tour DC 2026 - Top 3 Main Lineup,107,Gym Class Heroes,Cupid's Chokehold / Breakfast in America,Gym Class Heroes Cupid's Chokehold / Breakfast in America
Warped Tour DC 2026 - Top 3 Main Lineup,108,Gym Class Heroes,Clothes Off!!,Gym Class Heroes Clothes Off!!
Warped Tour DC 2026 - Top 3 Main Lineup,109,Hawthorne Heights,Ohio Is for Lovers,Hawthorne Heights Ohio Is for Lovers
Warped Tour DC 2026 - Top 3 Main Lineup,110,Hawthorne Heights,Niki FM,Hawthorne Heights Niki FM
Warped Tour DC 2026 - Top 3 Main Lineup,111,Hawthorne Heights,Saying Sorry,Hawthorne Heights Saying Sorry
Warped Tour DC 2026 - Top 3 Main Lineup,112,Holy Wars,Get Mine,Holy Wars Get Mine
Warped Tour DC 2026 - Top 3 Main Lineup,113,Holy Wars,Deus Ex Machina,Holy Wars Deus Ex Machina
Warped Tour DC 2026 - Top 3 Main Lineup,114,Holy Wars,Tension//Release,Holy Wars Tension//Release
Warped Tour DC 2026 - Top 3 Main Lineup,115,Honey Revenge,Habitual,Honey Revenge Habitual
Warped Tour DC 2026 - Top 3 Main Lineup,116,Honey Revenge,Airhead,Honey Revenge Airhead
Warped Tour DC 2026 - Top 3 Main Lineup,117,Honey Revenge,Favorite Song,Honey Revenge Favorite Song
Warped Tour DC 2026 - Top 3 Main Lineup,118,Hoobastank,The Reason,Hoobastank The Reason
Warped Tour DC 2026 - Top 3 Main Lineup,119,Hoobastank,Crawling in the Dark,Hoobastank Crawling in the Dark
Warped Tour DC 2026 - Top 3 Main Lineup,120,Hoobastank,Running Away,Hoobastank Running Away
Warped Tour DC 2026 - Top 3 Main Lineup,121,Hot Chelle Rae,Tonight Tonight,Hot Chelle Rae Tonight Tonight
Warped Tour DC 2026 - Top 3 Main Lineup,122,Hot Chelle Rae,I Like It Like That,Hot Chelle Rae I Like It Like That
Warped Tour DC 2026 - Top 3 Main Lineup,123,Hot Chelle Rae,Bleed,Hot Chelle Rae Bleed
Warped Tour DC 2026 - Top 3 Main Lineup,124,Hot Mulligan,Equip Sunglasses,Hot Mulligan Equip Sunglasses
Warped Tour DC 2026 - Top 3 Main Lineup,125,Hot Mulligan,BCKYRD,Hot Mulligan BCKYRD
Warped Tour DC 2026 - Top 3 Main Lineup,126,Hot Mulligan,Featuring Mark Hoppus,Hot Mulligan Featuring Mark Hoppus
Warped Tour DC 2026 - Top 3 Main Lineup,127,I Set My Friends On Fire,Things That Rhyme With Orange,I Set My Friends On Fire Things That Rhyme With Orange
Warped Tour DC 2026 - Top 3 Main Lineup,128,I Set My Friends On Fire,Crank That,I Set My Friends On Fire Crank That
Warped Tour DC 2026 - Top 3 Main Lineup,129,I Set My Friends On Fire,Astral Rejection,I Set My Friends On Fire Astral Rejection
Warped Tour DC 2026 - Top 3 Main Lineup,130,Iann Dior,gone girl,Iann Dior gone girl
Warped Tour DC 2026 - Top 3 Main Lineup,131,Iann Dior,mood,Iann Dior mood
Warped Tour DC 2026 - Top 3 Main Lineup,132,Iann Dior,emotions,Iann Dior emotions
Warped Tour DC 2026 - Top 3 Main Lineup,133,Initiate,Alone At The Bottom,Initiate Alone At The Bottom
Warped Tour DC 2026 - Top 3 Main Lineup,134,Initiate,The Surface,Initiate The Surface
Warped Tour DC 2026 - Top 3 Main Lineup,135,Initiate,An Eye For An Eye,Initiate An Eye For An Eye
Warped Tour DC 2026 - Top 3 Main Lineup,136,Jimmy Eat World,The Middle,Jimmy Eat World The Middle
Warped Tour DC 2026 - Top 3 Main Lineup,137,Jimmy Eat World,Sweetness,Jimmy Eat World Sweetness
Warped Tour DC 2026 - Top 3 Main Lineup,138,Jimmy Eat World,Bleed American,Jimmy Eat World Bleed American
Warped Tour DC 2026 - Top 3 Main Lineup,139,Jinjer,Pisces,Jinjer Pisces
Warped Tour DC 2026 - Top 3 Main Lineup,140,Jinjer,"Teacher, Teacher!","Jinjer Teacher, Teacher!"
Warped Tour DC 2026 - Top 3 Main Lineup,141,Jinjer,Sit Stay Roll Over,Jinjer Sit Stay Roll Over
Warped Tour DC 2026 - Top 3 Main Lineup,142,Joyce Manor,Constant Headache,Joyce Manor Constant Headache
Warped Tour DC 2026 - Top 3 Main Lineup,143,Joyce Manor,Catalina Fight Song,Joyce Manor Catalina Fight Song
Warped Tour DC 2026 - Top 3 Main Lineup,144,Joyce Manor,Heart Tattoo,Joyce Manor Heart Tattoo
Warped Tour DC 2026 - Top 3 Main Lineup,145,Jutes,Sleepyhead,Jutes Sleepyhead
Warped Tour DC 2026 - Top 3 Main Lineup,146,Jutes,Fingers,Jutes Fingers
Warped Tour DC 2026 - Top 3 Main Lineup,147,Jutes,Bad Dream,Jutes Bad Dream
Warped Tour DC 2026 - Top 3 Main Lineup,148,KennyHoopla,how will i rest in peace if i'm buried by a highway?//,KennyHoopla how will i rest in peace if i'm buried by a highway?//
Warped Tour DC 2026 - Top 3 Main Lineup,149,KennyHoopla,estella//,KennyHoopla estella//
Warped Tour DC 2026 - Top 3 Main Lineup,150,KennyHoopla,hollywood sucks//,KennyHoopla hollywood sucks//
Warped Tour DC 2026 - Top 3 Main Lineup,151,Killswitch Engage,My Curse,Killswitch Engage My Curse
Warped Tour DC 2026 - Top 3 Main Lineup,152,Killswitch Engage,The End of Heartache,Killswitch Engage The End of Heartache
Warped Tour DC 2026 - Top 3 Main Lineup,153,Killswitch Engage,Holy Diver,Killswitch Engage Holy Diver
Warped Tour DC 2026 - Top 3 Main Lineup,154,Lambrini Girls,Big Dick Energy,Lambrini Girls Big Dick Energy
Warped Tour DC 2026 - Top 3 Main Lineup,155,Lambrini Girls,Help Me I'm Gay,Lambrini Girls Help Me I'm Gay
Warped Tour DC 2026 - Top 3 Main Lineup,156,Lambrini Girls,God's Country,Lambrini Girls God's Country
Warped Tour DC 2026 - Top 3 Main Lineup,157,LØLØ,u & the tin man,LØLØ u & the tin man
Warped Tour DC 2026 - Top 3 Main Lineup,158,LØLØ,hot girls in hell,LØLØ hot girls in hell
Warped Tour DC 2026 - Top 3 Main Lineup,159,LØLØ,faceplant,LØLØ faceplant
Warped Tour DC 2026 - Top 3 Main Lineup,160,Machine Head,Davidian,Machine Head Davidian
Warped Tour DC 2026 - Top 3 Main Lineup,161,Machine Head,Locust,Machine Head Locust
Warped Tour DC 2026 - Top 3 Main Lineup,162,Machine Head,Halo,Machine Head Halo
Warped Tour DC 2026 - Top 3 Main Lineup,163,Meet Me @ The Altar,Hit Like a Girl,Meet Me @ The Altar Hit Like a Girl
Warped Tour DC 2026 - Top 3 Main Lineup,164,Meet Me @ The Altar,Garden,Meet Me @ The Altar Garden
Warped Tour DC 2026 - Top 3 Main Lineup,165,Meet Me @ The Altar,Say It (To My Face),Meet Me @ The Altar Say It (To My Face)
Warped Tour DC 2026 - Top 3 Main Lineup,166,Millington,Beatdown Generation,Millington Beatdown Generation
Warped Tour DC 2026 - Top 3 Main Lineup,167,Millington,University,Millington University
Warped Tour DC 2026 - Top 3 Main Lineup,168,Millington,Shutout,Millington Shutout
Warped Tour DC 2026 - Top 3 Main Lineup,169,MxPx,Chick Magnet,MxPx Chick Magnet
Warped Tour DC 2026 - Top 3 Main Lineup,170,MxPx,Punk Rawk Show,MxPx Punk Rawk Show
Warped Tour DC 2026 - Top 3 Main Lineup,171,MxPx,Responsibility,MxPx Responsibility
Warped Tour DC 2026 - Top 3 Main Lineup,172,New Found Glory,My Friends Over You,New Found Glory My Friends Over You
Warped Tour DC 2026 - Top 3 Main Lineup,173,New Found Glory,All Downhill from Here,New Found Glory All Downhill from Here
Warped Tour DC 2026 - Top 3 Main Lineup,174,New Found Glory,Hit or Miss,New Found Glory Hit or Miss
Warped Tour DC 2026 - Top 3 Main Lineup,175,Norma Jean,Memphis Will Be Laid to Waste,Norma Jean Memphis Will Be Laid to Waste
Warped Tour DC 2026 - Top 3 Main Lineup,176,Norma Jean,Bayonetwork,Norma Jean Bayonetwork
Warped Tour DC 2026 - Top 3 Main Lineup,177,Norma Jean,"If You Got It at Five, You Got It at Fifty","Norma Jean If You Got It at Five, You Got It at Fifty"
Warped Tour DC 2026 - Top 3 Main Lineup,178,Nova Twins,Antagonist,Nova Twins Antagonist
Warped Tour DC 2026 - Top 3 Main Lineup,179,Nova Twins,Cleopatra,Nova Twins Cleopatra
Warped Tour DC 2026 - Top 3 Main Lineup,180,Nova Twins,Choose Your Fighter,Nova Twins Choose Your Fighter
Warped Tour DC 2026 - Top 3 Main Lineup,181,Of Mice & Men,Second & Sebring,Of Mice & Men Second & Sebring
Warped Tour DC 2026 - Top 3 Main Lineup,182,Of Mice & Men,YDG,Of Mice & Men YDG
Warped Tour DC 2026 - Top 3 Main Lineup,183,Of Mice & Men,Bones Exposed,Of Mice & Men Bones Exposed
Warped Tour DC 2026 - Top 3 Main Lineup,184,Oxymorrons,Green Vision,Oxymorrons Green Vision
Warped Tour DC 2026 - Top 3 Main Lineup,185,Oxymorrons,Justice,Oxymorrons Justice
Warped Tour DC 2026 - Top 3 Main Lineup,186,Oxymorrons,Pretty People,Oxymorrons Pretty People
Warped Tour DC 2026 - Top 3 Main Lineup,187,Pain of Truth,Actin' Up,Pain of Truth Actin' Up
Warped Tour DC 2026 - Top 3 Main Lineup,188,Pain of Truth,Lifeless on the Ground,Pain of Truth Lifeless on the Ground
Warped Tour DC 2026 - Top 3 Main Lineup,189,Pain of Truth,Too Late,Pain of Truth Too Late
Warped Tour DC 2026 - Top 3 Main Lineup,190,People R Ugly,Brain Dead,People R Ugly Brain Dead
Warped Tour DC 2026 - Top 3 Main Lineup,191,People R Ugly,Hollywood Smile,People R Ugly Hollywood Smile
Warped Tour DC 2026 - Top 3 Main Lineup,192,People R Ugly,Wake Up,People R Ugly Wake Up
Warped Tour DC 2026 - Top 3 Main Lineup,193,Plain White T's,Hey There Delilah,Plain White T's Hey There Delilah
Warped Tour DC 2026 - Top 3 Main Lineup,194,Plain White T's,"1, 2, 3, 4","Plain White T's 1, 2, 3, 4"
Warped Tour DC 2026 - Top 3 Main Lineup,195,Plain White T's,Rhythm of Love,Plain White T's Rhythm of Love
Warped Tour DC 2026 - Top 3 Main Lineup,196,Raue,Karma,Raue Karma
Warped Tour DC 2026 - Top 3 Main Lineup,197,Raue,Jane,Raue Jane
Warped Tour DC 2026 - Top 3 Main Lineup,198,Raue,Heavy Heart,Raue Heavy Heart
Warped Tour DC 2026 - Top 3 Main Lineup,199,Rise Against,Savior,Rise Against Savior
Warped Tour DC 2026 - Top 3 Main Lineup,200,Rise Against,Prayer of the Refugee,Rise Against Prayer of the Refugee
Warped Tour DC 2026 - Top 3 Main Lineup,201,Rise Against,Swing Life Away,Rise Against Swing Life Away
Warped Tour DC 2026 - Top 3 Main Lineup,202,Rosecoloredworld,Broken Glass,Rosecoloredworld Broken Glass
Warped Tour DC 2026 - Top 3 Main Lineup,203,Rosecoloredworld,Chasing Feelings,Rosecoloredworld Chasing Feelings
Warped Tour DC 2026 - Top 3 Main Lineup,204,Rosecoloredworld,Goner,Rosecoloredworld Goner
Warped Tour DC 2026 - Top 3 Main Lineup,205,Sace6,tell me,Sace6 tell me
Warped Tour DC 2026 - Top 3 Main Lineup,206,Sace6,waste,Sace6 waste
Warped Tour DC 2026 - Top 3 Main Lineup,207,Sace6,i don't know,Sace6 i don't know
Warped Tour DC 2026 - Top 3 Main Lineup,208,Saturdays at Your Place,Tarot Cards,Saturdays at Your Place Tarot Cards
Warped Tour DC 2026 - Top 3 Main Lineup,209,Saturdays at Your Place,Eat Me Alive,Saturdays at Your Place Eat Me Alive
Warped Tour DC 2026 - Top 3 Main Lineup,210,Saturdays at Your Place,future,Saturdays at Your Place future
Warped Tour DC 2026 - Top 3 Main Lineup,211,Set Your Goals,Mutiny!,Set Your Goals Mutiny!
Warped Tour DC 2026 - Top 3 Main Lineup,212,Set Your Goals,Echoes,Set Your Goals Echoes
Warped Tour DC 2026 - Top 3 Main Lineup,213,Set Your Goals,Summer Jam,Set Your Goals Summer Jam
Warped Tour DC 2026 - Top 3 Main Lineup,214,Sleeping With Sirens,If You Can't Hang,Sleeping With Sirens If You Can't Hang
Warped Tour DC 2026 - Top 3 Main Lineup,215,Sleeping With Sirens,"If I'm James Dean, You're Audrey Hepburn","Sleeping With Sirens If I'm James Dean, You're Audrey Hepburn"
Warped Tour DC 2026 - Top 3 Main Lineup,216,Sleeping With Sirens,Kick Me,Sleeping With Sirens Kick Me
Warped Tour DC 2026 - Top 3 Main Lineup,217,Story Of The Year,Until the Day I Die,Story Of The Year Until the Day I Die
Warped Tour DC 2026 - Top 3 Main Lineup,218,Story Of The Year,Anthem of Our Dying Day,Story Of The Year Anthem of Our Dying Day
Warped Tour DC 2026 - Top 3 Main Lineup,219,Story Of The Year,Page Avenue,Story Of The Year Page Avenue
Warped Tour DC 2026 - Top 3 Main Lineup,220,Suicidal Tendencies,Institutionalized,Suicidal Tendencies Institutionalized
Warped Tour DC 2026 - Top 3 Main Lineup,221,Suicidal Tendencies,You Can't Bring Me Down,Suicidal Tendencies You Can't Bring Me Down
Warped Tour DC 2026 - Top 3 Main Lineup,222,Suicidal Tendencies,Subliminal,Suicidal Tendencies Subliminal
Warped Tour DC 2026 - Top 3 Main Lineup,223,Suicide Silence,You Only Live Once,Suicide Silence You Only Live Once
Warped Tour DC 2026 - Top 3 Main Lineup,224,Suicide Silence,Unanswered,Suicide Silence Unanswered
Warped Tour DC 2026 - Top 3 Main Lineup,225,Suicide Silence,No Pity for a Coward,Suicide Silence No Pity for a Coward
Warped Tour DC 2026 - Top 3 Main Lineup,226,Sunami,Y.A.B.,Sunami Y.A.B.
Warped Tour DC 2026 - Top 3 Main Lineup,227,Sunami,Weak Die First,Sunami Weak Die First
Warped Tour DC 2026 - Top 3 Main Lineup,228,Sunami,Six,Sunami Six
Warped Tour DC 2026 - Top 3 Main Lineup,229,Super Sometimes,Coffee & Cigarettes,Super Sometimes Coffee & Cigarettes
Warped Tour DC 2026 - Top 3 Main Lineup,230,Super Sometimes,Good Enough,Super Sometimes Good Enough
Warped Tour DC 2026 - Top 3 Main Lineup,231,Super Sometimes,Rewind,Super Sometimes Rewind
Warped Tour DC 2026 - Top 3 Main Lineup,232,Taking Back Sunday,Cute Without the 'E' (Cut from the Team),Taking Back Sunday Cute Without the 'E' (Cut from the Team)
Warped Tour DC 2026 - Top 3 Main Lineup,233,Taking Back Sunday,MakeDamnSure,Taking Back Sunday MakeDamnSure
Warped Tour DC 2026 - Top 3 Main Lineup,234,Taking Back Sunday,You're So Last Summer,Taking Back Sunday You're So Last Summer
Warped Tour DC 2026 - Top 3 Main Lineup,235,Teen Mortgage,Tuning In,Teen Mortgage Tuning In
Warped Tour DC 2026 - Top 3 Main Lineup,236,Teen Mortgage,Such Is Life,Teen Mortgage Such Is Life
Warped Tour DC 2026 - Top 3 Main Lineup,237,Teen Mortgage,Valley,Teen Mortgage Valley
Warped Tour DC 2026 - Top 3 Main Lineup,238,The Academy Is...,About a Girl,The Academy Is... About a Girl
Warped Tour DC 2026 - Top 3 Main Lineup,239,The Academy Is...,Slow Down,The Academy Is... Slow Down
Warped Tour DC 2026 - Top 3 Main Lineup,240,The Academy Is...,Checkmarks,The Academy Is... Checkmarks
Warped Tour DC 2026 - Top 3 Main Lineup,241,The Devil Wears Prada,Chemical,The Devil Wears Prada Chemical
Warped Tour DC 2026 - Top 3 Main Lineup,242,The Devil Wears Prada,Danger: Wildman,The Devil Wears Prada Danger: Wildman
Warped Tour DC 2026 - Top 3 Main Lineup,243,The Devil Wears Prada,Salt,The Devil Wears Prada Salt
Warped Tour DC 2026 - Top 3 Main Lineup,244,The Dollyrots,Because I'm Awesome,The Dollyrots Because I'm Awesome
Warped Tour DC 2026 - Top 3 Main Lineup,245,The Dollyrots,Brand New Key,The Dollyrots Brand New Key
Warped Tour DC 2026 - Top 3 Main Lineup,246,The Dollyrots,Jackie Chan,The Dollyrots Jackie Chan
Warped Tour DC 2026 - Top 3 Main Lineup,247,The Early November,Ever So Sweet,The Early November Ever So Sweet
Warped Tour DC 2026 - Top 3 Main Lineup,248,The Early November,Baby Blue,The Early November Baby Blue
Warped Tour DC 2026 - Top 3 Main Lineup,249,The Early November,I Want to Hear You Sad,The Early November I Want to Hear You Sad
Warped Tour DC 2026 - Top 3 Main Lineup,250,The Front Bottoms,Twin Size Mattress,The Front Bottoms Twin Size Mattress
Warped Tour DC 2026 - Top 3 Main Lineup,251,The Front Bottoms,Be Nice to Me,The Front Bottoms Be Nice to Me
Warped Tour DC 2026 - Top 3 Main Lineup,252,The Front Bottoms,Flashlight,The Front Bottoms Flashlight
Warped Tour DC 2026 - Top 3 Main Lineup,253,The Ghost Inside,Engine 45,The Ghost Inside Engine 45
Warped Tour DC 2026 - Top 3 Main Lineup,254,The Ghost Inside,Avalanche,The Ghost Inside Avalanche
Warped Tour DC 2026 - Top 3 Main Lineup,255,The Ghost Inside,Aftermath,The Ghost Inside Aftermath
Warped Tour DC 2026 - Top 3 Main Lineup,256,The Home Team,Loud,The Home Team Loud
Warped Tour DC 2026 - Top 3 Main Lineup,257,The Home Team,Watching All Your Friends Get Rich,The Home Team Watching All Your Friends Get Rich
Warped Tour DC 2026 - Top 3 Main Lineup,258,The Home Team,Right Through Me,The Home Team Right Through Me
Warped Tour DC 2026 - Top 3 Main Lineup,259,The Menzingers,After the Party,The Menzingers After the Party
Warped Tour DC 2026 - Top 3 Main Lineup,260,The Menzingers,I Don't Wanna Be an Asshole Anymore,The Menzingers I Don't Wanna Be an Asshole Anymore
Warped Tour DC 2026 - Top 3 Main Lineup,261,The Menzingers,Lookers,The Menzingers Lookers
Warped Tour DC 2026 - Top 3 Main Lineup,262,The Paradox,Do Me Like That,The Paradox Do Me Like That
Warped Tour DC 2026 - Top 3 Main Lineup,263,The Paradox,Bender,The Paradox Bender
Warped Tour DC 2026 - Top 3 Main Lineup,264,The Paradox,Ms. Lauren,The Paradox Ms. Lauren
Warped Tour DC 2026 - Top 3 Main Lineup,265,The Story So Far,Clairvoyant,The Story So Far Clairvoyant
Warped Tour DC 2026 - Top 3 Main Lineup,266,The Story So Far,Quicksand,The Story So Far Quicksand
Warped Tour DC 2026 - Top 3 Main Lineup,267,The Story So Far,Nerve,The Story So Far Nerve
Warped Tour DC 2026 - Top 3 Main Lineup,268,The Summer Set,Chelsea,The Summer Set Chelsea
Warped Tour DC 2026 - Top 3 Main Lineup,269,The Summer Set,Boomerang,The Summer Set Boomerang
Warped Tour DC 2026 - Top 3 Main Lineup,270,The Summer Set,Lightning in a Bottle,The Summer Set Lightning in a Bottle
Warped Tour DC 2026 - Top 3 Main Lineup,271,The Used,The Taste of Ink,The Used The Taste of Ink
Warped Tour DC 2026 - Top 3 Main Lineup,272,The Used,The Bird and the Worm,The Used The Bird and the Worm
Warped Tour DC 2026 - Top 3 Main Lineup,273,The Used,Pretty Handsome Awkward,The Used Pretty Handsome Awkward
Warped Tour DC 2026 - Top 3 Main Lineup,274,The Wrecks,Favorite Liar,The Wrecks Favorite Liar
Warped Tour DC 2026 - Top 3 Main Lineup,275,The Wrecks,Freaking Out,The Wrecks Freaking Out
Warped Tour DC 2026 - Top 3 Main Lineup,276,The Wrecks,Where Are You Now,The Wrecks Where Are You Now
Warped Tour DC 2026 - Top 3 Main Lineup,277,Third Eye Blind,Semi-Charmed Life,Third Eye Blind Semi-Charmed Life
Warped Tour DC 2026 - Top 3 Main Lineup,278,Third Eye Blind,Jumper,Third Eye Blind Jumper
Warped Tour DC 2026 - Top 3 Main Lineup,279,Third Eye Blind,How's It Going to Be,Third Eye Blind How's It Going to Be
Warped Tour DC 2026 - Top 3 Main Lineup,280,Thrice,Black Honey,Thrice Black Honey
Warped Tour DC 2026 - Top 3 Main Lineup,281,Thrice,The Artist in the Ambulance,Thrice The Artist in the Ambulance
Warped Tour DC 2026 - Top 3 Main Lineup,282,Thrice,Stare at the Sun,Thrice Stare at the Sun
Warped Tour DC 2026 - Top 3 Main Lineup,283,TiLLie,Faith,TiLLie Faith
Warped Tour DC 2026 - Top 3 Main Lineup,284,TiLLie,Mood Swings,TiLLie Mood Swings
Warped Tour DC 2026 - Top 3 Main Lineup,285,TiLLie,Peachie,TiLLie Peachie
Warped Tour DC 2026 - Top 3 Main Lineup,286,Trxvis,Bad Things,Trxvis Bad Things
Warped Tour DC 2026 - Top 3 Main Lineup,287,Trxvis,Ruin My Life,Trxvis Ruin My Life
Warped Tour DC 2026 - Top 3 Main Lineup,288,Trxvis,Wasted,Trxvis Wasted
Warped Tour DC 2026 - Top 3 Main Lineup,289,Underoath,A Boy Brushed Red Living in Black and White,Underoath A Boy Brushed Red Living in Black and White
Warped Tour DC 2026 - Top 3 Main Lineup,290,Underoath,Writing on the Walls,Underoath Writing on the Walls
Warped Tour DC 2026 - Top 3 Main Lineup,291,Underoath,Reinventing Your Exit,Underoath Reinventing Your Exit
Warped Tour DC 2026 - Top 3 Main Lineup,292,Upon A Burning Body,Extermination,Upon A Burning Body Extermination
Warped Tour DC 2026 - Top 3 Main Lineup,293,Upon A Burning Body,Texas Blood Money,Upon A Burning Body Texas Blood Money
Warped Tour DC 2026 - Top 3 Main Lineup,294,Upon A Burning Body,Red Razor Wrists,Upon A Burning Body Red Razor Wrists
Warped Tour DC 2026 - Top 3 Main Lineup,295,Vana,BEG!,Vana BEG!
Warped Tour DC 2026 - Top 3 Main Lineup,296,Vana,Crawling,Vana Crawling
Warped Tour DC 2026 - Top 3 Main Lineup,297,Vana,SERPENT,Vana SERPENT
Warped Tour DC 2026 - Top 3 Main Lineup,298,Varials,Anything to Numb,Varials Anything to Numb
Warped Tour DC 2026 - Top 3 Main Lineup,299,Varials,Romance,Varials Romance
Warped Tour DC 2026 - Top 3 Main Lineup,300,Varials,.50,Varials .50
Warped Tour DC 2026 - Top 3 Main Lineup,301,Vienna Vienna,God Save the Queens,Vienna Vienna God Save the Queens
Warped Tour DC 2026 - Top 3 Main Lineup,302,Vienna Vienna,F**k Me,Vienna Vienna F**k Me
Warped Tour DC 2026 - Top 3 Main Lineup,303,Vienna Vienna,I.L.Y.Y.,Vienna Vienna I.L.Y.Y.
Warped Tour DC 2026 - Top 3 Main Lineup,304,VILLANELLE,Hinge,VILLANELLE Hinge
Warped Tour DC 2026 - Top 3 Main Lineup,305,VILLANELLE,Bleed,VILLANELLE Bleed
Warped Tour DC 2026 - Top 3 Main Lineup,306,VILLANELLE,I Wanna Die,VILLANELLE I Wanna Die
Warped Tour DC 2026 - Top 3 Main Lineup,307,Waterparks,Stupid for You,Waterparks Stupid for You
Warped Tour DC 2026 - Top 3 Main Lineup,308,Waterparks,I Miss Having Sex but at Least I Don't Wanna Die Anymore,Waterparks I Miss Having Sex but at Least I Don't Wanna Die Anymore
Warped Tour DC 2026 - Top 3 Main Lineup,309,Waterparks,Turbulent,Waterparks Turbulent
Warped Tour DC 2026 - Top 3 Main Lineup,310,XCOMM,Vanish,XCOMM Vanish
Warped Tour DC 2026 - Top 3 Main Lineup,311,XCOMM,No Signal,XCOMM No Signal
Warped Tour DC 2026 - Top 3 Main Lineup,312,XCOMM,Static,XCOMM Static
Warped Tour DC 2026 - Top 3 Main Lineup,313,Yellowcard,Ocean Avenue,Yellowcard Ocean Avenue
Warped Tour DC 2026 - Top 3 Main Lineup,314,Yellowcard,Only One,Yellowcard Only One
Warped Tour DC 2026 - Top 3 Main Lineup,315,Yellowcard,Breathing,Yellowcard Breathing
